index,mic,operating_mic,mic_exchange_name,corp_exchange,equity_exch_code,equity_exch_name,composite_code,iso_country,datetime,_asof_datetime
0,AMTS,XMTS,MTS NETHERLANDS,MTS AMSTERDAM,,No Exchange ,,NL,2023-05-01,2023-05-01
1,APXL,APXL,SYDNEY STOCK EXCHANGE LIMITED,,PF,ASIA PACIFIC,AU,AU,2023-05-01,2023-05-01
2,ARCX,XNYS,NYSE ARCA,NYSE ARCA,UP,NYSE ARCA,US,US,2023-05-01,2023-05-01
3,ASXP,XASX,ASX - PUREMATCH,,AQ,ASX PUREMATCH,AU,AU,2023-05-01,2023-05-01
4,AQXE,AQXE,AQUIS EXCHNAGE,,QX,AQUIS EXCHG,QX,GB,2023-05-01,2023-05-01
5,BATE,BCXE,BATS EUROPE -BXE ORDER BOOKS,,EB,BATS EUROPE,EB,GB,2023-05-01,2023-05-01
6,BATS,BATS,BATS Z-EXCHANGE,BATS,UF,BATS,US,US,2023-05-01,2023-05-01
7,BATY,BATS,"BATS Y-EXCHANGE, INC.",,VY,BATS Y,US,US,2023-05-01,2023-05-01
8,BCSE,BCSE,BELARUS CURRENCY AND STOCK EXCHANGE,BELARUS,RB,BELARUS,RB,BY,2023-05-01,2023-05-01
9,BOAT,BOAT,CINNOBER BOAT,,XB,BOAT,EO,GB,2023-05-01,2023-05-01
10,BLNK,CHEV,BLINK MTF,,K3,BLINK,K3,GB,2023-05-01,2023-05-01
11,BLOX,BLOX,BLOCKMATCH,,B3,BLOCKMATCH,B3,GB,2023-05-01,2023-05-01
12,BMFX,BMFX,SIBIU MONETARY- FINANCIAL AND COMMODITIES EXCHANGE,,RZ,SIBEX,RO,RO,2023-05-01,2023-05-01
13,BMTS,BMTS,MTS BELGIUM,MTS BELGIUM,,No Exchange ,,BE,2023-05-01,2023-05-01
14,BOND,MTSC,BONDVISION ITALIA,BONDVISION,,No Exchange ,,IT,2023-05-01,2023-05-01
15,BOTC,BCXE,OFF EXCHANGE IDENTIFIER FOR OTC TRADES REPORTED TO BATS EUROPE,,XV,BATSChiX OTC,EO,GB,2023-05-01,2023-05-01
16,BSEX,BSEX,BAKU STOCK EXCHANGE,BAKU,AZ,BAKU SE,AZ,AZ,2023-05-01,2023-05-01
17,BURG,XOSL,BURGUNDY NORDIC MTF,,BY,BURGUNDY,BY,SE,2023-05-01,2023-05-01
18,BVMF,BVMF,"BM&FBOVESPA S.A. - BOLSA DE VALORES, MERCADORIAS E FUTUROS",SISBEX,,No Exchange ,,BR,2023-05-01,2023-05-01
19,,,,SAO PAULO,BN,SAO PAOLOA-M,BZ,BR,2023-05-01,2023-05-01
20,,,,,BS,BM&FBOVESPA,BZ,BR,2023-05-01,2023-05-01
21,,,,,BV,BOVESPA OUT,BZ,BR,2023-05-01,2023-05-01
22,,,,RIO DE JANEIRO,BR,RIO DE JANER,BZ,BR,2023-05-01,2023-05-01
23,,,,SOMA,BO,SOMA,BZ,BR,2023-05-01,2023-05-01
24,CBSX,XCBO,CBOE STOCK EXCHANGE,,UO,CBSX,US,US,2023-05-01,2023-05-01
25,CHIA,CHIA,CHI-X AUSTRALIA,CHI-X AUSTRALIA,AH,CHIX AUSTRALIA,AU,AU,2023-05-01,2023-05-01
26,CHIJ,CHIJ,CHI-X JAPAN,,JI,CHI-X JAPAN,JP,JP,2023-05-01,2023-05-01
27,CHIX,BCXE,BATS EUROPE -CXE ORDER BOOKS,CHI-X,IX,CHI-X,IX,GB,2023-05-01,2023-05-01
28,,,,,XC,CHI-X OTC,EO,GB,2023-05-01,2023-05-01
29,CHIC,CHIC,CHI-X CANADA ATS,,TX,CHIX TORONTO,CN,CA,2023-05-01,2023-05-01
30,,,,,DV,CHIX VENTURE,CN,CA,2023-05-01,2023-05-01
31,DKTC,DKTC,DANISH AUTHORISED MARKET PLACE LTD,,DD,DANSK OTC,DC,DK,2023-05-01,2023-05-01
32,DCSX,DCSX,CURACAO,,,No Exchange ,,CW,2023-05-01,2023-05-01
33,DIFX,DIFX,NASDAQ DUBAI,NASDAQ DUBAI,DU,NASDAQ DUBAI,DU,AE,2023-05-01,2023-05-01
34,DSMD,DSMD,QATAR EXCHANGE,DOHA SECS MKT,QD,QATAR,QD,QA,2023-05-01,2023-05-01
35,EDGA,EDGE,EDGA EXCHANGE,,VJ,EDGA,US,US,2023-05-01,2023-05-01
36,EDGX,EDGE,EDGX EXCHANGE,,VK,EDGX,US,US,2023-05-01,2023-05-01
37,EMTF,XLUX,EURO MTF,EUROMTF,,No Exchange ,,LU,2023-05-01,2023-05-01
38,EMTS,XMTS,EUROMTS,EUROMTS,,No Exchange ,,GB,2023-05-01,2023-05-01
39,ENAX,ASEX,ATHENS EXCHANGE ALTERNATIVE MARKET,,AA,ATHENS ALT,GA,GR,2023-05-01,2023-05-01
40,ETLX,ETLX,EUROTLX,EUROTLX,TE,EUROTLX,TE,IT,2023-05-01,2023-05-01
41,EUWX,XSTU,EUWAX,EUWAX STUTTGART,GW,STUTGT WWRNTS,GR,DE,2023-05-01,2023-05-01
42,XBRN,XBRN,BX SWISS AG,,BW,BX SWISS,SW,CH,2023-05-01,2023-05-01
43,FRAB,XFRA,BOERSE FRANKFURT - FREIVERKEHR,SCOACH-FRANKFURT,,No Exchange ,,DE,2023-05-01,2023-05-01
44,FMTS,FMTS,MTS FRANCE SAS,MTS FRANCE,,No Exchange ,,FR,2023-05-01,2023-05-01
45,FNFI,XHEL,FIRST NORTH FINLAND,NOMX 1STNORT,FF,FN FINLAND,FH,FI,2023-05-01,2023-05-01
46,FNSE,XSTO,FIRST NORTH SWEDEN,NOMX 1stNORTH S,SF,FN STOCKHOLM,SS,SE,2023-05-01,2023-05-01
47,GEMX,GEMX,GEMMA (GILT EDGED MARKET MAKERSâ€™ASSOCIATION),GEMMA,,No Exchange ,,GB,2023-05-01,2023-05-01
48,GSXL,GSXL,THE GIBRALTAR STOCK EXCHANGE,,TL,GIBRALTAR,TL,GI,2023-05-01,2023-05-01
49,HMTF,HMTF,HI-MTF,HI-MTF,HM,HI-MTF,HM,IT,2023-05-01,2023-05-01
50,HOTC,ASEX,HELLENIC EXCHANGE OTC MARKET,,XT,ATHENS OTC,EO,GR,2023-05-01,2023-05-01
51,HSTC,HSTC,HANOI STOCK EXCHANGE,HANOI ,VH,HANOI,VN,VN,2023-05-01,2023-05-01
52,ICEL,ICEL,"ISLAND ECN LTD, THE ",ISLAND ECN LTD,UI,ISLAND,US,US,2023-05-01,2023-05-01
53,IEPA,IFUS,INTERCONTINENTAL EXCHANGE,INTERCONTINENTAL,,No Exchange ,,US,2023-05-01,2023-05-01
54,IEXG,IEXG,INVESTORS EXCHANGE,,VF,INVESTOR  EX,US,US,2023-05-01,2023-05-01
55,IMTS,XMTS,MTS IRELAND,MTS IRELAND,,No Exchange ,,GB,2023-05-01,2023-05-01
56,FNIS,XICE,NASDAQ OMX ICELAND HF.,,RF,FN ICELAND,IR,IS,2023-05-01,2023-05-01
57,KABU,KABU,KABU.COM PTS,,JD,KABU.COM,JP,JP,2023-05-01,2023-05-01
58,LICA,LICA,LIQUIDNET CANADA ATS,,TK,LIQUIDNET,CN,CA,2023-05-01,2023-05-01
59,LIQU,LIQU,LIQUIDNET SYSTEMS,,L3,LIQUIDNET,L3,GB,2023-05-01,2023-05-01
60,LYNX,OMGA,LYNX ATS,,DG,LYNX ATS,CN,CA,2023-05-01,2023-05-01
61,MALX,MALX,MALDIVES STOCK EXCHANGE,,MX,MALDIVES SE,MX,MV,2023-05-01,2023-05-01
62,MATN,MATN,MATCH NOW,,TR,TRIACT TORONTO,CN,CA,2023-05-01,2023-05-01
63,,,,,TV,TRIACT VENTURE,CN,CA,2023-05-01,2023-05-01
64,MCXX,MCXX,MCX STOCK EXCHANGE LTD,,IG,MCX STOCK EX,IN,IN,2023-05-01,2023-05-01
65,MESQ,XKLS,ACE MARKET,,MQ,MESDAQ,MQ,MY,2023-05-01,2023-05-01
66,PORT,XMTS,"MEDIP  (MTS PORTUGAL SGMR, SA)",MTS PORTUGAL,,No Exchange ,,GB,2023-05-01,2023-05-01
67,MISX,MISX,MOSCOW EXCHANGE,MICEX,RX,MICEX MAIN,RM,RU,2023-05-01,2023-05-01
68,,,,,RN,MICEX NMD,RM,RU,2023-05-01,2023-05-01
69,,,,,RP,MICEX REPO,RM,RU,2023-05-01,2023-05-01
70,,,,MICEX A1,,No Exchange ,,RU,2023-05-01,2023-05-01
71,,,,MICEX A2,,No Exchange ,,RU,2023-05-01,2023-05-01
72,,,,MICEX B,,No Exchange ,,RU,2023-05-01,2023-05-01
73,,,,MICEX V,,No Exchange ,,RU,2023-05-01,2023-05-01
74,,,,MICEX Unlisted,,No Exchange ,,RU,2023-05-01,2023-05-01
75,,,,MOEX LEVEL 1,,No Exchange ,,RU,2023-05-01,2023-05-01
76,,,,MOEX LEVEL 2,,No Exchange ,,RU,2023-05-01,2023-05-01
77,,,,MOEX LEVEL 3,,No Exchange ,,RU,2023-05-01,2023-05-01
78,,,,MICEX D,,No Exchange ,,RU,2023-05-01,2023-05-01
79,MOTX,XMIL,ELECTRONIC BOND MARKET,MOT,,No Exchange ,,IT,2023-05-01,2023-05-01
80,MTAA,XMIL,ELECTRONIC SHARE MARKET,MILAN,IM,BRSAITALIANA,IM,IT,2023-05-01,2023-05-01
81,,,,,IC,MIL COMP DAY,IM,IT,2023-05-01,2023-05-01
82,,,,,XI,BORSAITALOTC,EO,IT,2023-05-01,2023-05-01
83,MTAH,XMIL,BORSA ITALIANA EQUITY MTF,,IF,MIL AFTR HRS,IM,IT,2023-05-01,2023-05-01
84,MTCH,XPAR,BONDMATCH,NYSE BONDMATCH,,No Exchange ,,FR,2023-05-01,2023-05-01
85,MTSC,MTSC,MTS ITALIA,MTS S.P.A.,,No Exchange ,,IT,2023-05-01,2023-05-01
86,MTSG,XMTS,MTS GREECE,MTS GREECE,,No Exchange ,,GB,2023-05-01,2023-05-01
87,WMTF,XWAR,MTS POLAND,,PD,POLAND OTC,PW,PL,2023-05-01,2023-05-01
88,MUNB,PLUS,BOERSE MUENCHEN - FREIVERKEHR,,PG,PLUS EUROPE,PG,DE,2023-05-01,2023-05-01
89,NEOE,NEOE,AEQUITAS NEO EXCHANGE,,QF,AQTS NEO LIT,CN,CA,2023-05-01,2023-05-01
90,,,,,QH,AQRS NEO NEO,CN,CA,2023-05-01,2023-05-01
91,NILX,NILX,NILE STOCK EXCHANGE,,EI,NILEX,EY,EG,2023-05-01,2023-05-01
92,NOTC,NOTC,NORWEGIAN OVER THE COUNTER MARKET,,NS,NORWAY OTC,NO  ,NO,2023-05-01,2023-05-01
93,NURD,NURO,NASDAQ EUROPE (NURO) DARK,,ES,NASDAQ ERUOPE,ES,GB,2023-05-01,2023-05-01
94,NURO,NURO,NASDAQ OMX EUROPE,,NQ,NASDAQ OMX EUR,NQ,GB,2023-05-01,2023-05-01
95,OMGA,OMGA,OMEGA ATS,OMEGA CANADA ATS,TG,OMEGA,CN,CA,2023-05-01,2023-05-01
96,OOTC,FINR,OTC BULLETIN BOARD - OTHER OTC,OTC ,UV,OTC,US,US,2023-05-01,2023-05-01
97,OPEX,OPEX,PEX-PRIVATE EXCHANGE,PEX,PX,PEX,PX,PT,2023-05-01,2023-05-01
98,PFTS,PFTS,PFTS STOCK EXCHANGE,PFTS,UZ,PFTS,UZ,UA,2023-05-01,2023-05-01
99,PFTQ,PFTS,PFTS QUOTE DRIVEN,,QU,PFTS,UZ,UA,2023-05-01,2023-05-01
100,OTCM,OTCM,OTC PINK MARKETPLACE,OTC PINK MARKETPLACE,PQ,OTC MARKETS,US,US,2023-05-01,2023-05-01
101,PURE,XCNQ,PURE TRADING,PURE TRADING,CJ,PURE TRADING,CN,CA,2023-05-01,2023-05-01
102,QMTF,QMTF,QUOTE MTF,,QM,QUOTE MTF,QM,HU,2023-05-01,2023-05-01
103,ROCO,ROCO,TAIPEI EXCHANGE,GRETAI,TT,GRETAI SEC M,TT,TW,2023-05-01,2023-05-01
104,ROTC,ROTC,RWANDA OTC MARKET,RWANDA,RW,RWANDA,RW,RW,2023-05-01,2023-05-01
105,RTSX,MISX,MOSCOW EXCHANGE-DERIVATIVES AND CLASSICA MARKET,RUSSIAN TRADING,RR,RTS,RU,RU,2023-05-01,2023-05-01
106,RUSX,RUSX,NON-PROFIT PARTNERSHIP FOR THE DEVELOPMENT OF FINANCIAL MARKET RTS,,RT,NP RTS,RU,RU,2023-05-01,2023-05-01
107,SBIJ,SBIJ,SBI JAPANNEXT-J-MARKET,,JE,SBIJAPANNEXT,JP,JP,2023-05-01,2023-05-01
108,SBIU,SBIJ,SBI JAPANNEXT - U  - MARKET,,JW,SBIJNxt UMkt,JP,JP,2023-05-01,2023-05-01
109,SEDX,XMIL,SECURITISED DERIVATIVES MARKET,SEDEX-MILAN,,No Exchange ,,IT,2023-05-01,2023-05-01
110,SEND,BMEX,SEND - SISTEMA ELECTRONICO DE NEGOCIACION DE DEUDA,SEND,,No Exchange ,,ES,2023-05-01,2023-05-01
111,SHSC,XHKG,STOCK EXCHANGE OF HONG KONG LIMITED - SHANGHAI - HONG KONG STOCK CONNECT,,H1,Sth SSE-SEHK,H1,HK,2023-05-01,2023-05-01
112,SGMX,SGMX,SIGMA X MTF,,S1,SIGMA X MTF,S1,GB,2023-05-01,2023-05-01
113,SIGX,SIGX,SIGMA X CANADA,,TY,SIGMA X ATS,CN,CA,2023-05-01,2023-05-01
114,SHAR,SHAR,ASSET MATCH,,A0,ASSETMATCH MTF,A0,GB,2023-05-01,2023-05-01
115,SIMV,SIMV,SIM VENTURE SECURITIES EXCHANGE,,SI,SIM VSE,AU,AU,2023-05-01,2023-05-01
116,SZSC,XHKG,STOCK EXCHANGE OF HONG KONG LIMITED - SHENZHEN - HONG KONG STOCK CONNECT,,H2,Sth  SZ-SEHK,HK,HK,2023-05-01,2023-05-01
117,XNIM,XNAS,THIRD MARKET CORPORATION,THIRD MKT CORP,,No Exchange ,,US,2023-05-01,2023-05-01
118,TBSP,XWAR,TBS POLAND,TBS POLAND,,No Exchange ,,PL,2023-05-01,2023-05-01
119,TMXS,TMXS,TMX SELECT,,TJ,TMX SELECT,CN,CA,2023-05-01,2023-05-01
120,TOMX,TOMX,TOM MTF CASH MARKETS,,MT,TOM MTF,MT,NL,2023-05-01,2023-05-01
121,TREU,TREU,TRADEWEB EUROPE LIMITED ,TRADEWEB EUROPE,,No Exchange ,,GB,2023-05-01,2023-05-01
122,TRPX,TRPX,TROP-X,,SZ,Seychelles,SZ,SC,2023-05-01,2023-05-01
123,TRQD,TRQX,TURQUOISE DERIVATIVES MARKET,,DX,TURQUOISE DE,DX,GB,2023-05-01,2023-05-01
124,TRQX,TRQX,TURQUOISE,,TQ,TURQUOISE  ,TQ,GB,2023-05-01,2023-05-01
125,TRWB,TRWB,TRADEWEB LLC,TRADEWEB LLC,,No Exchange ,,US,2023-05-01,2023-05-01
126,XATS,XATS,ALPHA ATS - TSX-V,,TN,ALPHAVENTURE,CN,CA,2023-05-01,2023-05-01
127,XADE,ASEX,ATHENS EXCHANGE S.A. DERIVATIVES MARKET,,AP,ATHENS REPO,GA,GR,2023-05-01,2023-05-01
128,XADF,FINR,FINRA ALTERNATIVE DISPLAY FACILITY,,UD,FINRA ADF,US,US,2023-05-01,2023-05-01
129,XADS,XADS,ABU DHABI SECURITIES MARKET,ABU DHABI,DH,ABU DHABI,UH,AE,2023-05-01,2023-05-01
130,XALG,XALG,ALGIERS STOCK EXCHANGE,ALGIERS,AG,ALGERIASTEXC,AG,DZ,2023-05-01,2023-05-01
131,XAMM,XAMM,AMMAN STOCK EXCHANGE,AMMAN FIN MKT,JR,AMMAN,JR,JO,2023-05-01,2023-05-01
132,XAMS,XAMS,NYSE EURONEXT - EURONEXT AMSTERDAM,EURONEXT-AMSTERDAM,,EN AMSTERDAM,,NL,2023-05-01,2023-05-01
133,XARM,XARM,NASDAQ OMX ARMENIA,ARMENIA,AY,NASDAQ OMX ARMENIA,AY,AM,2023-05-01,2023-05-01
134,XASE,XNYS,NYSE MKT LLC,NYSE AMEX,UA,NYSE MKT LLC,US,US,2023-05-01,2023-05-01
135,XASX,XASX,ASX - ALL MARKETS,AUSTRALIA,AT,ASE,AU,AU,2023-05-01,2023-05-01
136,,,,MELBOURNE,,No Exchange ,,AU,2023-05-01,2023-05-01
137,XATH,ASEX,ATHENS EXCHANGE S.A. CASH MARKET,ATHENS,GA,ATHENS,GA,GR,2023-05-01,2023-05-01
138,XATS,XATS,ALPHA ATS,,TA,ALPHATORONTO,CN,CA,2023-05-01,2023-05-01
139,XBAA,XBAA,BAHAMAS INTERNATIONAL SECURITIES EXCHANGE,BAHAMAS,BM,BAHAMAS,BM,BS,2023-05-01,2023-05-01
140,XBAB,XBAB,BARBADOS STOCK EXCHANGE,BARBADOS,BA,BRIDGETOWN,BA,BB,2023-05-01,2023-05-01
141,XBAH,XBAH,BAHRAIN BOURSE,BAHRAIN,BI,BAHRAIN BRSE,BI,BH,2023-05-01,2023-05-01
142,XBAN,XBAN,BANGALORE STOCK EXCHANGE LTD,BANGALORE,,No Exchange ,,IN,2023-05-01,2023-05-01
143,XBAR,BMEX,BOLSA DE BARCELONA,BARCELONA,SB,BARCELONA,SM,ES,2023-05-01,2023-05-01
144,XBCL,XBCL,LA BOLSA ELECTRONICA DE CHILE,ELECTRONIC CHILE,CE,SAINT ELEC.,CI, CL,2023-05-01,2023-05-01
145,XBCM,XBCM,BOLSA DE COMERCIO DE MENDOZA S.A.,MENDOZA,,No Exchange ,, AR,2023-05-01,2023-05-01
146,XBCX,XBCM,MENDOZA SE,,AM,MENDOZA SE,AR,AR,2023-05-01,2023-05-01
147,XBCV,XBCV,BOLSA CENTROAMERICANA DE VALORES S.A.,BOLSA CENTROAMER,HO,HONDURAS,HO, HN,2023-05-01,2023-05-01
148,XBDA,XBDA,BERMUDA STOCK EXCHANGE LTD,BERMUDA,BH,BERMUDA SE,BH, BM,2023-05-01,2023-05-01
149,XBEL,XBEL,BELGRADE STOCK EXCHANGE,BELGRADE,SG,BELGRADE SE,SG,RS,2023-05-01,2023-05-01
150,XBER,XBER,BOERSE BERLIN,BERLIN,GB,BERLIN,GR, DE,2023-05-01,2023-05-01
151,,,,,GC,BREMEN,GR,DE,2023-05-01,2023-05-01
152,XBES,XJSE,JSE CASH BOND MARKET,BESA,,No Exchange ,, ZA,2023-05-01,2023-05-01
153,XBEY,XBEY,BOURSE DE BEYROUTH - BEIRUT STOCK EXCHANGE,BEIRUT,LB,BEIRUT,LB, LB,2023-05-01,2023-05-01
154,XBIL,BMEX,BOLSA DE VALORES DE BILBAO,BILBAO,SO,BILBAO,SM, ES,2023-05-01,2023-05-01
155,XBKK,XBKK,STOCK EXCHANGE OF THAILAND,THAILAND,TB,BANGKOK,TB, TH,2023-05-01,2023-05-01
156,XBLB,XBLB,BANJA LUKA STOCK EXCHANGE,BANJA LUKA,BK,BANJA LUKA,BK,BA,2023-05-01,2023-05-01
157,XBNV,XBNV,"BOLSA NACIONAL DE VALORES, S.A.",BOLSA NACL VALORE,CR,COSTA RICA,CR, CR,2023-05-01,2023-05-01
158,XBOG,XBOG,BOLSA DE VALORES DE COLOMBIA,COLOMBIA,CX,BOLSA COLOMB,CB, CO,2023-05-01,2023-05-01
159,XBOL,XBOL,BOLSA BOLIVIANA DE VALORES S.A.,LA PAZ,VB,BOLIVIA,VB, BO,2023-05-01,2023-05-01
160,XBOM,XBOM,BSE LTD,MUMBAI,IB,BSE INDIA,IN, IN,2023-05-01,2023-05-01
161,XBOS,XNAS,NASDAQ OMX BX,,UB,NSDQ OMX BX,US, US,2023-05-01,2023-05-01
162,XBOT,XBOT,BOTSWANA STOCK EXCHANGE,BOTSWANA,BG,GABORONE,BG, BW,2023-05-01,2023-05-01
163,XBRA,XBRA,BRATISLAVA STOCK EXCHANGE,BRATISLAVA,SK,BRATISLAVA,SK, SK,2023-05-01,2023-05-01
164,XBRN,XBRN,BERNE STOCK EXCHANGE,BERN,SR,BERNE,SW,CH,2023-05-01,2023-05-01
165,XBRU,XBRU,NYSE EURONEXT - EURONEXT BRUSSELS,EURONEXT-BRUSSELS,BB,EN BRUSSELS,BB, BE,2023-05-01,2023-05-01
166,XBRV,XBRV,BOURSE REGIONALE DES VALEURS MOBILIERES,ABIDJAN,IA,ABIDJAN,IA, CI,2023-05-01,2023-05-01
167,,,,,BC,BRVM REGION,BC,CI,2023-05-01,2023-05-01
168,,,,,ZS,SENEGAL,ZS,CI,2023-05-01,2023-05-01
169,XBSE,XBSE,SPOT REGULATED MARKET - BVB,BUCHAREST,RE,BUCHAREST,RO, RO,2023-05-01,2023-05-01
170,XBUD,XBUD,BUDAPEST STOCK EXCHANGE,BUDAPEST,HB,BUDAPEST,HB, HU,2023-05-01,2023-05-01
171,,,,,XH,BUDAPEST OTC,EO,HU,2023-05-01,2023-05-01
172,XBUE,XBUE,BOLSA DE COMERCIO DE BUENOS AIRES,BUENOS AIRES,AF,BUENOS FLOOR,AR, AR,2023-05-01,2023-05-01
173,,,,,AC,BUENOS CONT,AR,AR,2023-05-01,2023-05-01
174,,,,,AS,BUENOS SINAC,AR,AR,2023-05-01,2023-05-01
175,XBUL,XBUL,BULGARIAN STOCK EXCHANGE,BULGARIA,BU,BULGARIA SE,BU, BG,2023-05-01,2023-05-01
176,XBVC,XBVC,CAPE VERDE STOCK EXCHANGE,,VR,CAPE VERDE EX,VR,CV,2023-05-01,2023-05-01
177,XBVR,XBVR,BOLSA DE VALORES DE LA REPUBLICA DOMINICANA SA.,SANTO DOMINGO,,No Exchange ,, DO,2023-05-01,2023-05-01
178,XCAI,XCAI,EGYPTIAN EXCHANGE,CAIRO&ALEXANDRA,EC,EGX,EY, EG,2023-05-01,2023-05-01
179,XCAL,XCAL,CALCUTTA STOCK EXCHANGE,CALCUTTA,,No Exchange ,, IN,2023-05-01,2023-05-01
180,BVCA,BVCA,BOLSA DE VALORES DE CARACAS,CARACAS,VS,CARACAS,VC, VE,2023-05-01,2023-05-01
181,XCAS,XCAS,CASABLANCA STOCK EXCHANGE,CASABLANCA,MC,CASABLANCA,MC, MA,2023-05-01,2023-05-01
182,XCAY,XCAY,CAYMAN ISLANDS STOCK EXCHANGE,CAYMAN ISLANDS,KY,CAYMAN ISLANDS,KY,KY,2023-05-01,2023-05-01
183,XCBO,XCBO,CHICAGO BOARD OPTIONS EXCHANGE,CBOE,,No Exchange ,,US,2023-05-01,2023-05-01
184,XCFE,XCFE,CHINA FOREIGN EXCHANGE TRADE SYSTEM ,CHINA INTERBANK,,No Exchange ,,CN,2023-05-01,2023-05-01
185,XCHG,XCHG,CHITTAGONG STOCK EXCHANGE LTD,CHITTAGONG,,No Exchange ,,BD,2023-05-01,2023-05-01
186,XCHI,XCHI,"CHICAGO STOCK EXCHANGE, INC",CHICAGO,UM,CHICAGO,US,US,2023-05-01,2023-05-01
187,XCIE,XCIE,CHANNEL ISLANDS STOCK EXCHANGE,CHANNEL ISLANDS,GU,GUERNSEY,GU,GG,2023-05-01,2023-05-01
188,,,,,JY,JERSEY,JY,GG,2023-05-01,2023-05-01
189,XCIS,XCIS,NATIONAL STOCK EXCHANGE INC,CINCINNATI,UC,NATIONAL,US,US,2023-05-01,2023-05-01
190,XCNQ,XCNQ,CANADIAN NATIONAL STOCK EXCHANGE,CNSX,CF,CANADA NATIONAL,CN,CA,2023-05-01,2023-05-01
191,XCOL,XCOL,COLOMBO STOCK EXCHANGE,COLOMBO,SL,COLOMBO,SL,LK,2023-05-01,2023-05-01
192,XCSE,XCSE,NASDAQ COPENHAGEN A/S,OMX COPENHAGEN,DC,COPENHAGEN,DC,DK,2023-05-01,2023-05-01
193,XCUE,XCUE,UZBEKISTAN REPUBLICAN CURRENCY EXCHANGE,REPUBL CURR EXCH,,No Exchange ,,UZ,2023-05-01,2023-05-01
194,XCYS,XCYS,CYPRUS STOCK EXCHANGE,CYPRUS,CY,NICOSIA,CY,CY,2023-05-01,2023-05-01
195,XCSX,XCSX,CAMBODIA SECURITIES EXCHANGE,,KH,CAMBODIA,KH,KH,2023-05-01,2023-05-01
196,XCX2,CHIC,CX2,,DS,CX2 CAD VNTR,CN,CA,2023-05-01,2023-05-01
197,,,,,DT,CX2 CD TRNTO,CN,CA,2023-05-01,2023-05-01
198,XCXD,XCXD,NASDAQ CXD,,DK,NASDAQ CXD V,CN,CA,2023-05-01,2023-05-01
199,,,,,DJ,NASDAQ CXD T,CN,CA,2023-05-01,2023-05-01
200,XDAR,XDAR,DAR ES  SALAAM STOCK EXCHANGE,DAR-ES-SALAAM,TZ,DAR E SLM SE,TZ,TZ,2023-05-01,2023-05-01
201,XDES,XDES,DELHI STOCK EXCHANGE,DELHI,IH,DELHI STK EX,IN,IN,2023-05-01,2023-05-01
202,XDFM,XDFM,DUBAI FINANCIAL MARKET,DUBAI FINL MKT,DB,DFM,DU,AE,2023-05-01,2023-05-01
203,XDHA,XDHA,DHAKA STOCK EXCHANGE LTD,DHAKA,BD,DHAKA,BD,BD,2023-05-01,2023-05-01
204,XDPA,XDPA,CADE - MERCADO DE DEUDA PUBLICA ANOTADA,CENTRAL ANOTACIONE,,No Exchange ,,ES,2023-05-01,2023-05-01
205,XDRF,BMEX,AIAF - MERCADO DE RENTA FIJA,AIAF,,No Exchange ,,ES,2023-05-01,2023-05-01
206,XDSE,XDSE,DAMASCUS SECURITIES EXCHANGE,,SY,DAMASCUS,SY,SY,2023-05-01,2023-05-01
207,XDSX,XDSX,DOUALA STOCK EXCHANGE,DOUALA,DE,DOULASTKEXCH,DE,CM,2023-05-01,2023-05-01
208,XDUB,XDUB,IRISH STOCK EXCHANGE - MAIN MARKET,DUBLIN,ID,IRELAND,ID, IE,2023-05-01,2023-05-01
209,,,,,XF,DUBLIN SE OTC,EO,IE,2023-05-01,2023-05-01
210,XDUS,XDUS,BOERSE DUESSELDORF,DUSSELDORF,GD,DUSSELDORF,GR, DE,2023-05-01,2023-05-01
211,XECM,XCYS,CYPRUS ECM,,YC,CYPRUS ECM,CY,CY,2023-05-01,2023-05-01
212,XECS,XECS,EASTERN CARIBBEAN SECURITIES EXCHANGE,EAST CARIBBEAN,EK,ESTN CRBN SE,EK,KN,2023-05-01,2023-05-01
213,,,,,AI,ANGUILLA,AI,KN,2023-05-01,2023-05-01
214,,,,,NX,ST KTS & NVS,NX,KN,2023-05-01,2023-05-01
215,XEQT,XBER,BOERSE BERLIN EQUIDUCT TRADING,,BQ,EQUIDUCT,BQ,DE,2023-05-01,2023-05-01
216,XETR,XFRA,XETRA,XETRA,GY,XETRA,GR, DE,2023-05-01,2023-05-01
217,,,,,GQ,XETRA STARS,GR,DE,2023-05-01,2023-05-01
218,,,,,GE,XTRA EU STARS,GR,DE,2023-05-01,2023-05-01
219,,,,,GT,XETRA ETF,GR,DE,2023-05-01,2023-05-01
220,XFKA,XFKA,FUKUOKA STOCK EXCHANGE,FUKUOKA,JF,FUKUOKA,JP,JP,2023-05-01,2023-05-01
221,FNDK,XCSE,FIRST NORTH DENMARK,NOMX 1stNORTH C,DF,FN DENMARK,DC,DK,2023-05-01,2023-05-01
222,XFRA,XFRA,DEUTSCHE BOERSE AG,FRANKFURT,GF,FRANKFURT,GR,DE,2023-05-01,2023-05-01
223,,,,,XD,DEUTSCHE OTC,EO,DE,2023-05-01,2023-05-01
224,XGAT,TGAT,Tradegate,,TH,TRADEGATE,TH,DE,2023-05-01,2023-05-01
225,XGHA,XGHA,GHANA STOCK EXCHANGE,GHANA,GN,ACCRA,GN,GH,2023-05-01,2023-05-01
226,XGSE,XGSE,GEORGIA STOCK EXCHANGE,GEORGIA,GG,JSCGEORGIA SE,GG,GE,2023-05-01,2023-05-01
227,XGTG,XGTG,BOLSA DE VALORES NACIONAL SA,GUATEMALA,GL,GUATEMALA,GL,GT,2023-05-01,2023-05-01
228,XGUA,XGUA,BOLSA DE VALORES DE GUAYAQUIL,GUAYAQUIL,EG,GUAYAQUIL,ED,EC,2023-05-01,2023-05-01
229,XHAM,XHAM,HANSEATISCHE WERTPAPIERBOERSE HAMBURG,HAMBURG,GH,HAMBURG,GR,DE,2023-05-01,2023-05-01
230,XHAN,XHAN,NIEDERSAECHSISCHE BOERSE ZU HANNOVER,HANNOVER,GI,HANNOVER,GR,DE,2023-05-01,2023-05-01
231,XHEL,XHEL,NASDAQ HELSINKI LTD,OMX HELSINKI,FH,HELSINKI,FH,FI,2023-05-01,2023-05-01
232,XHFT,XHFT,NYSE ARCA EUROPE,,NR,NYSE ARCA EU,NR,NL,2023-05-01,2023-05-01
233,XHKG,XHKG,HONG KONG EXCHANGES AND CLEARING LTD,HONG KONG,HK,HONG KONG,HK,HK,2023-05-01,2023-05-01
234,XHNX,HSTC,HANOI STOCK EXCHANGE (UNLISTED PUBLIC COMPANY TRADING PLATFORM),,VU,HANOI UPCOM,VN,VN,2023-05-01,2023-05-01
235,XICE,XICE,NASDAQ ICELAND HF.,OMX ICELAND,IR,REYKJAVIK,IR,IS,2023-05-01,2023-05-01
236,XICX,XICX,INSTINET CANADA CROSS,,TW,INSTINET CAN,CN,CA,2023-05-01,2023-05-01
237,XIDX,XIDX,INDONESIA STOCK EXCHANGE,INDONESIA EXCH,IJ,INDONESIA,IJ,ID,2023-05-01,2023-05-01
238,XIQS,XIQS,IRAQ STOCK EXCHANGE,,IQ,IRAQ SE,IQ,IQ,2023-05-01,2023-05-01
239,XISE,XISX,INTERNATIONAL SECURITIES EXCHANGE LLC - EQUITIES,,UL,ISE,US,US,2023-05-01,2023-05-01
240,XISL,XISL,ISLAMABAD STOCK EXCHANGE,ISLAMABAD,,No Exchange ,,PK,2023-05-01,2023-05-01
241,XIST,XIST,BORSA ISTANBUL,BORSA ISTANBUL,TI,ISTANBUL,TI,TR,2023-05-01,2023-05-01
242,,,,,TF,ISTN 1ST SES,TI,TR,2023-05-01,2023-05-01
243,,,,,TS,ISTN 2ND SES,TI,TR,2023-05-01,2023-05-01
244,XJAM,XJAM,JAMAICA STOCK EXCHANGE,JAMAICA,JA,KINGSTON,JA,JM,2023-05-01,2023-05-01
245,XJAS,XJPX,TOKYO STOCK EXCHANGE JASDAQ,JASDAQ,JQ,JASDAQ,JP,JP,2023-05-01,2023-05-01
246,XJSE,XJSE,JSE SECURITIES EXCHANGE,JOHANNESBURG,SJ,JOHANNESBURG,SJ,ZA,2023-05-01,2023-05-01
247,XKAR,XKAR,THE PAKISTAN STOCK EXCHANGE LIMITED,KARACHI,PK,KARACHI,PA,PK,2023-05-01,2023-05-01
248,XKAZ,XKAZ,KAZAKHSTAN STOCK EXCHANGE,KAZAKHSTAN,KZ,KAZAKHSTAN SE,KZ,KZ,2023-05-01,2023-05-01
249,XKFB,XKFB,KOREA FREEBOARD MARKET,,KF,KOREAFRBMKT,KF,KR,2023-05-01,2023-05-01
250,XKHA,XKHA,KHARTOUM STOCK EXCHANGE,KHARTOUM,,No Exchange ,,SD,2023-05-01,2023-05-01
251,XKIS,XKIS,KIEV INTERNATIONAL STOCK EXCHANGE,KIEV,,No Exchange ,,UA,2023-05-01,2023-05-01
252,XKLS,XKLS,BURSA MALAYSIA,BURSA MALAYSIA,MK,BURSA MALAYS,MK,MY,2023-05-01,2023-05-01
253,XKON,XKRX,KOREA NEW EXCHANGE,KONEX,KE,KONEX,KS,KR,2023-05-01,2023-05-01
254,XKRX,XKRX,KOREA EXCHANGE (STOCK MARKET),KOREA,KP,KOREA SE,KS,KR,2023-05-01,2023-05-01
255,XKOS,XKRX,KOREA EXCHANGE (KOSDAQ),KOSDAQ,KQ,KOSDAQ,KS,KR,2023-05-01,2023-05-01
256,XKSE,XKSE,KYRGYZ STOCK EXCHANGE,KYRGZSTAN,KB,KYRGYZSTAN,KB,KG,2023-05-01,2023-05-01
257,XKUW,XKUW,KUWAIT STOCK EXCHANGE,KUWAIT,KK,KUWAIT,KK,KW,2023-05-01,2023-05-01
258,XLAO,XLAO,Laos SE,,LS,LAOS SE,LS,LA,2023-05-01,2023-05-01
259,XLDN,XLDN,EURONEXT - EURONEXT LONDON,,LD,NYSE EU LOND,LD,GB,2023-05-01,2023-05-01
260,XLFX,XLFX,LABUAN INTERNATIONAL FINANCIAL EXCHANGE,LABUAN INTL FIN,,No Exchange ,,MY,2023-05-01,2023-05-01
261,XLIM,XLIM,BOLSA DE VALORES DE LIMA,LIMA,PE,LIMA,PE,PE,2023-05-01,2023-05-01
262,XLIS,XLIS,NYSE EURONEXT - EURONEXT LISBON,EURONEXT - LISBON,PL,EN LISBON,PL,PT,2023-05-01,2023-05-01
263,XLIT,XLIT,AB NASDAQ VILNIUS,OMX VILNIUS,LH,VILNIUS SE,LH,LT,2023-05-01,2023-05-01
264,XLJU,XLJU,LJUBLJANA STOCK EXCHANGE (OFFICIAL MARKET),LJUBLJANA,SV,LJUBLJANA,SV,SI,2023-05-01,2023-05-01
265,,,,,XJ,LJUB SE OTC,EO,SI,2023-05-01,2023-05-01
266,XLON,XLON,LONDON STOCK EXCHANGE,LONDON,LN,LONDON,LN,GB,2023-05-01,2023-05-01
267,,,,LONDON INTL,LI,LONDON INTL,LI,GB,2023-05-01,2023-05-01
268,,,,PRO SEC MKT (PSM),,No Exchange ,,GB,2023-05-01,2023-05-01
269,,,,,EU,EUROPEAN COMP,EU,GB,2023-05-01,2023-05-01
270,,,,,E1,EURO OTC,EO,GB,2023-05-01,2023-05-01
271,,,,,XL,LONDON SE OTC,EO,GB,2023-05-01,2023-05-01
272,,,,LSE-Retail,,No Exchange ,,GB,2023-05-01,2023-05-01
273,,,,,LO,LSE EUROPEQS,LI,GB,2023-05-01,2023-05-01
274,XLSM,XLSM,LIBYAN STOCK MARKET,,LY,LIBYANSTEXC,LY,LY,2023-05-01,2023-05-01
275,XLUS,XLUS,LUSAKA STOCK EXCHANGE,LUSAKA,ZL,LUSAKA,ZL,ZM,2023-05-01,2023-05-01
276,XLUX,XLUX,LUXEMBOURG STOCK EXCHANGE,LUXEMBOURG,LX,LUXEMBOURG,LX,LU,2023-05-01,2023-05-01
277,XMAB,XMAB,MERCADO ABIERTO ELECTRONICO S.A.,MAE,,No Exchange ,,AR,2023-05-01,2023-05-01
278,XMAD,BMEX,BOLSA DE MADRID,MADRID,SN,MADRID,SM,ES,2023-05-01,2023-05-01
279,XMAE,XMAE,MACEDONIAN STOCK EXCHANGE,MACEDONIA,MS,MACEDONIA,MS,MK,2023-05-01,2023-05-01
280,XMAL,XMAL,MALTA STOCK EXCHANGE,MALTA,MV,VALETTA,MV,MT,2023-05-01,2023-05-01
281,XMAN,XMAN,BOLSA DE VALORES DE NICARAGUA,MANAGUA,NC,NICARAGUA,NC,NI,2023-05-01,2023-05-01
282,XBVM,XBVM,MOZAMBIQUE STOCK EXCHANGE,MAPUTO,MZ,MAPUTO,MZ,MZ,2023-05-01,2023-05-01
283,XMAU,XMAU,STOCK EXCHANGE OF MAURITIUS LTD,MAURITIUS,MP,SEM,MP,MU,2023-05-01,2023-05-01
284,XMCE,BMEX,MERCADO CONTINUO ESPANOL,SIBE,SQ,CONTINUOUS,SM,ES,2023-05-01,2023-05-01
285,XMDS,XMDS,MADRAS STOCK EXCHANGE,MADRAS,,No Exchange ,,IN,2023-05-01,2023-05-01
286,XMEV,XBUE,MERCADO DE VALORES DE BUENOS AIRES S.A.,MERVAL,,No Exchange ,,AR,2023-05-01,2023-05-01
287,XMEX,XMEX,BOLSA MEXICANA DE VALORES (MEXICAN STOCK EXCHANGE),MEXICO,MM,MEXICO,MM,MX,2023-05-01,2023-05-01
288,XMNT,XMNT,BOLSA DE VALORES DE MONTEVIDEO,MONTEVIDEO,UY,MONTEVIDEO,UY,UY,2023-05-01,2023-05-01
289,XMNX,XMNX,MONTENEGRO STOCK EXCHANGE,MONTENEGRO,ME,MONTENEGRO,ME,ME,2023-05-01,2023-05-01
290,XMOL,XMOL,MOLDOVA STOCK EXCHANGE,MOLDOVA,MB,MOLDOVA,MB,MD,2023-05-01,2023-05-01
291,XMOS,XMOS,MOSCOW STOCK EXCHANGE,MOSCOW,,No Exchange ,,RU,2023-05-01,2023-05-01
292,XMOT,XMIL,EXTRAMOT,EXTRA MOT,,No Exchange ,,IT,2023-05-01,2023-05-01
293,XMSW,XMSW,MALAWI STOCK EXCHANGE,MALAWI,MW,MALAWI SE,MW,MW,2023-05-01,2023-05-01
294,XMUN,XMUN,BOERSE MUENCHEN,MUNICH,GM,MUNICH,GR,DE,2023-05-01,2023-05-01
295,XMUS,XMUS,MUSCAT SECURITIES MARKET,MUSCAT SECS MKT,OM,MUSCAT,OM,OM,2023-05-01,2023-05-01
296,XNAI,XNAI,NAIROBI STOCK EXCHANGE,NAIROBI,KN,NAIROBI SE,KN,KE,2023-05-01,2023-05-01
297,XNAM,XNAM,NAMIBIAN STOCK EXCHANGE,NAMIBIA,NW,WINDHOEK,NW,,2023-05-01,2023-05-01
298,XNAS,XNAS,NASDAQ,NASDAQ,,No Exchange ,,US,2023-05-01,2023-05-01
299,XNCM,XNAS,NASDAQ CAPITAL MARKET,NASDAQ/NCM,UR,NASDAQ CM,US,US,2023-05-01,2023-05-01
300,XNDX,XNGM,NORDIC DERIVATIVES EXCHANGE,NDX,,No Exchange ,,SE,2023-05-01,2023-05-01
301,XNEC,XNEC,NATIONAL STOCK EXCHANGE OF AUSTRALIA LIMITED,NSE AUSTRALIA,AO,NSX,AU,AU,2023-05-01,2023-05-01
302,XNEP,XNEP,NEPAL STOCK EXCHANGE,NEPAL,NK,NEPAL STOCK,NK,NP,2023-05-01,2023-05-01
303,XNEW,XFRA,NEWEX,,EX,NEWEX,GR,DE,2023-05-01,2023-05-01
304,XNGM,XNGM,NORDIC GROWTH MARKET,NGM,NG,,SS,SE,2023-05-01,2023-05-01
305,,,,,XG,NGM OTC,EO,SE,2023-05-01,2023-05-01
306,XNGO,XNGO,NAGOYA STOCK EXCHANGE,NAGOYA,JN,NAGOYA,JP,JP,2023-05-01,2023-05-01
307,XNGS,XNAS,NASDAQ/NGS (GLOBAL SELECT MARKET),NASDAQ/NGS,UW,NASDAQ GS,US,US,2023-05-01,2023-05-01
308,XNIM,XNAS,NASDAQ INTERMARKET,,UT,NASDAQ IM,US,US,2023-05-01,2023-05-01
309,XNMS,XNAS,NASDAQ/NMS (GLOBAL MARKET),NASDAQ/NGM,UQ,NASDAQ GM,US,US,2023-05-01,2023-05-01
310,XNSA,XNSA,THE NIGERIAN STOCK EXCHANGE,NIGERIA,NL,LAGOS,NL,NG,2023-05-01,2023-05-01
311,XNSE,XNSE,NATIONAL STOCK EXCHANGE OF INDIA,NSE INDIA,IS,NATL INDIA,IN,IN,2023-05-01,2023-05-01
312,XNYS,XNYS,NEW YORK STOCK EXCHANGE INC,NEW YORK,UN,NYSE,US,US,2023-05-01,2023-05-01
313,XNZE,XNZE,NEW ZEALAND EXCHANGE LTD,NEW ZEALAND,NZ,NZX,NZ,NZ,2023-05-01,2023-05-01
314,XOAM,XOSL,NORDIC ALTERNATIVE BOND MARKET,ABM OSLO,,No Exchange ,,NO,2023-05-01,2023-05-01
315,XOSE,XJPX,OSAKA EXCHANGE,OSAKA,JO,OSAKA,JP,JP,2023-05-01,2023-05-01
316,,,,OSAKA 2,,No Exchange ,,JP,2023-05-01,2023-05-01
317,XOSL,XOSL,OSLO BORS ASA,OSLO,NO,OSLO,NO,NO,2023-05-01,2023-05-01
318,,,,,XN,OSLO OTC,EO,NO,2023-05-01,2023-05-01
319,XOTC,XOTC,OTC BULLETIN BOARD,OTC BB,UU,OTC BB,US,US,2023-05-01,2023-05-01
320,XOPV,XSTO,OTC PUBLICATION VENUE,,XO,OMX OTC,EO,SE,2023-05-01,2023-05-01
321,XPAE,XPAE,PALESTINE SECURITIES EXCHANGE,PALESTINE,PS,PALESTINE,PS,PS,2023-05-01,2023-05-01
322,XPAR,XPAR,NYSE EURONEXT - EURONEXT PARIS,EURONEXT-PARIS,FP,PARIS,FP,FR,2023-05-01,2023-05-01
323,XPSX,XNAS,NASDAQ OMX PSX,NASDAQ OMX PSX,UX,NSDQ OMX PSX,US,US,2023-05-01,2023-05-01
324,XPHS,XPHS,"PHILIPPINE STOCK EXCHANGE, INC.",PHILIPPINES,PM,PHILIPPINES,PM,PH,2023-05-01,2023-05-01
325,XPIC,XPIC,SAINT-PETERSBURG CURRENCY EXCHANGE,SPCEX,,No Exchange ,,RU,2023-05-01,2023-05-01
326,ISDX,ICAP,ICAP SECURITIES & DERIVATIVES EXCHANGE LIMITED,ISDX,PZ,ISDX,PZ,GB,2023-05-01,2023-05-01
327,,,,,XP,PLUS MKT OTC,EO,GB,2023-05-01,2023-05-01
328,XPOM,XPOM,PORT MORESBY STOCK EXCHANGE,PORT MORESBY,PB,PORT MORESBY,PB,PG,2023-05-01,2023-05-01
329,XPOR,XNAS,PORTAL,PORTAL,,No Exchange ,,US,2023-05-01,2023-05-01
330,XPOS,ITGI,POSIT,,PO,ITG POSIT,PO,IE,2023-05-01,2023-05-01
331,XPRA,XPRA,PRAGUE STOCK EXCHANGE,PRAGUE,,No Exchange ,,CZ,2023-05-01,2023-05-01
332,,,,,CK,PRAGUE SE,CP,CZ,2023-05-01,2023-05-01
333,,,,,CD,PRAGUE-SPAD,CP,CZ,2023-05-01,2023-05-01
334,,,,,KL,PRAGUE-BLOCK,CP,CZ,2023-05-01,2023-05-01
335,XPTY,XPTY,"BOLSA DE VALORES DE PANAMA, S.A.",PANAMA,PP,PANAMA CITY,PP,PA,2023-05-01,2023-05-01
336,XQMH,XQMH,SIX STRUCTURED PRODUCTS EXCHANGE,SIX STRUCTUR,SX,SIX Str Prod,SW,CH,2023-05-01,2023-05-01
337,XQTX,XDUS,BOERSE DUESSELDORF - QUOTRIX,,QT,Quotrix Exch,QT,DE,2023-05-01,2023-05-01
338,XQUI,XQUI,BOLSA DE VALORES DE QUITO,QUITO,EQ,QUITO,ED,EC,2023-05-01,2023-05-01
339,XRAS,XBSE,RASDAQ,RASDAQ,RQ,RASDAQ,RO,RO,2023-05-01,2023-05-01
340,XRBM,XRBM,RINGGIT BOND MARKET,BIDS,,No Exchange ,,MY,2023-05-01,2023-05-01
341,XRIS,XRIS,NASDAQ RIGA AS,OMX RIGA,LG,RIGA,LR,LV,2023-05-01,2023-05-01
342,XRMZ,XRMZ,RM-SYSTEM CZECH STOCK EXCHANGE,,RC,CZECH OTC,CP,CZ,2023-05-01,2023-05-01
343,XROS,XROS,BOLSA DE COMERCIO ROSARIO,ROFEX,,No Exchange ,,AR,2023-05-01,2023-05-01
344,XSAM,XSAM,SAMARA CURRENCY INTERBANK EXCHANGE,SCIEX,,No Exchange ,,RU,2023-05-01,2023-05-01
345,XSAP,XSAP,SAPPORO SECURITIES EXCHANGE,SAPPORO,JS,SAPPORO,JP,JP,2023-05-01,2023-05-01
346,XSAT,XSAT,AKTIETORGET,,KA,AKTIE TORGET,SS,SE,2023-05-01,2023-05-01
347,XSAU,XSAU,SAUDI STOCK EXCHANGE,SAUDI ARABIA,AB,SAUDI ARABIA,AB,SA,2023-05-01,2023-05-01
348,XSBI,SBIJ,SBI JAPANNEXT-X-MARKET,,JU,SBI JAPANNEXT-X-MARKET,JP,JP,2023-05-01,2023-05-01
349,XSEC,XSHE,SHENZHEN STOCK EXCHANGE - SHENZHEN - HONG KONG STOCK CONNECT,,C2,Nrth SZ-SEHK,CH,CN,2023-05-01,2023-05-01
350,XSES,XSES,SINGAPORE EXCHANGE,SINGAPORE,SP,SINGAPORE,SP,SG,2023-05-01,2023-05-01
351,,,,SINGAPORE  MAINBOARD,,No Exchange ,,SG,2023-05-01,2023-05-01
352,,,,SGX-ST,,No Exchange ,,SG,2023-05-01,2023-05-01
353,XSGO,XSGO,SANTIAGO STOCK EXCHANGE,SANTIAGO,CC,SANT. COMERC,CI,CL,2023-05-01,2023-05-01
354,XSHE,XSHE,SHENZHEN STOCK EXCHANGE,SHENZHEN,CS,SHENZHEN,CH,CN,2023-05-01,2023-05-01
355,XSHG,XSHG,SHANGHAI STOCK EXCHANGE,SHANGHAI,CG,SHANGHAI,CH,CN,2023-05-01,2023-05-01
356,XSIB,XSIB,SIBERIAN EXCHANGE,SIBERIA,,No Exchange ,,RU,2023-05-01,2023-05-01
357,XSMP,XSMP,SMARTPOOL,,XE,EURONEXT OTC,EO,GB,2023-05-01,2023-05-01
358,XSPS,XSPS,SOUTH PACIFIC STOCK EXCHANGE,SOUTH PACIFIC,FS,SPSE,FS,FJ,2023-05-01,2023-05-01
359,XSSC,XSHG,SHANGHAI STOCK EXCHANGE - SHANGHAI - HONG KONG STOCK CONNECT,,C1,Nth SSE-SEHK,C1,CN,2023-05-01,2023-05-01
360,XSSE,XSSE,SARAJEVO STOCK EXCHANGE,SARAJEVO,BT,SARAJEVO,BT,BA,2023-05-01,2023-05-01
361,XSTC,XSTC,HOCHIMINH STOCK EXCHANGE,HCM CITY EXCH,VM,HO CHI MINH,VN,VN,2023-05-01,2023-05-01
362,XSTE,XSTE,REPUBLICAN STOCK EXCHANGE,TASHKENT,ZU,UZBEKISTAN,ZU,UZ,2023-05-01,2023-05-01
363,XSTO,XSTO,NASDAQ STOCKHOLM AB,NASDAQ OMX NORDIC,SS,NORDIC GM,SS,SE,2023-05-01,2023-05-01
364,XSTU,XSTU,BOERSE STUTTGART,STUTTGART,GS,STUTTGART,GR,DE,2023-05-01,2023-05-01
365,,,,,XS,STUTTGRT OTC,EO,DE,2023-05-01,2023-05-01
366,XSVA,XSVA,EL SALVADOR STOCK EXCHANGE,EL SALVADOR,EL,EL SALVADOR,EL,SV,2023-05-01,2023-05-01
367,XSWA,XSWA,SWAZILAND STOCK EXCHANGE,SWAZILAND,SD,MBABANE,SD,SZ,2023-05-01,2023-05-01
368,XSWX,XSWX,SIX SWISS EXCHANGE,SIX,SE,SIX SWISS EX,SW,CH,2023-05-01,2023-05-01
369,XTAE,XTAE,TEL AVIV STOCK EXCHANGE,TEL AVIV,IT,TEL AVIV,IT,IL,2023-05-01,2023-05-01
370,XTAI,XTAI,TAIWAN STOCK EXCHANGE,TAIWAN,TT,TAIWAN,TT,TW,2023-05-01,2023-05-01
371,XTAL,XTAL,NASDAQ TALLINN AS,OMX TALLINN,ET,TALLINN,ET,EE,2023-05-01,2023-05-01
372,XTAM,XJPX,TOKYO STOCK EXCHANGE-TOKYO PRO MARKET,,JG,TOKYO AIM,JP,JP,2023-05-01,2023-05-01
373,XTEH,XTEH,TEHRAN STOCK EXCHANGE,TEHERAN,IE,TEHRAN,IE,IR,2023-05-01,2023-05-01
374,XTIR,XTIR,TIRANA STOCK EXCHANGE,TIRANA,AL,ALBANIA,AL,AL,2023-05-01,2023-05-01
375,XTKS,XTKS,TOKYO STOCK EXCHANGE,TOKYO,JT,TOKYO  ,JP,JP,2023-05-01,2023-05-01
376,,,,TOKYO 2,,No Exchange ,,JP,2023-05-01,2023-05-01
377,XTNX,XTSX,TSX VENTURE EXCHANGE - NEX,NEX,,No Exchange ,,CA,2023-05-01,2023-05-01
378,XTRN,XTRN,TRINIDAD AND TOBAGO STOCK EXCHANGE,PORT OF SPAIN,TP,PORT SPAIN,TP,TT,2023-05-01,2023-05-01
379,XTSE,XTSE,TORONTO STOCK EXCHANGE,TORONTO,CT,TORONTO,CN,CA,2023-05-01,2023-05-01
380,XTSX,XTSX,TSX VENTURE EXCHANGE,TSX VENTURE,CV,VENTURE,CN,CA,2023-05-01,2023-05-01
381,XTUN,XTUN,BOURSE DE TUNIS,TUNIS,TU,TUNIS,TU,TN,2023-05-01,2023-05-01
382,UKEX,UKEX,RTS Ukraine,UKRAINIAN EXCHANGE,UK,RTS UKRAINE,UZ,UA,2023-05-01,2023-05-01
383,XUBS,XUBS,UBS MTF,,S2,UBS MULTILAT,S2,GB,2023-05-01,2023-05-01
384,XUGA,XUGA,UGANDA SECURITIES EXCHANGE,UGANDA,UG,UGANDA,UG,UG,2023-05-01,2023-05-01
385,XULA,XULA,MONGOLIAN STOCK EXCHANGE,MONGOLIA,MO,MONGOLIA,MO,MN,2023-05-01,2023-05-01
386,XVAL,BMEX,BOLSA DE VALENCIA,VALENCIA,SA,VALENCIA,SM,ES,2023-05-01,2023-05-01
387,XVPA,XVPA,BOLSA DE VALORES Y PRODUCTOS DE ASUNCION SA,ASUNCION,PN,ASUNCION,PN,PY,2023-05-01,2023-05-01
388,XVTX,XSWX,SIX SWISS EXCHANGE - BLUE CHIPS SEGMENT,SIX Europe Ltd,VX,SIX SWISS EX,VX,CH,2023-05-01,2023-05-01
389,XWAR,XWAR,WARSAW STOCK EXCHANGE/EQUITIES/MAIN MARKET,WARSAW,PW,WARSAW,PW,PL,2023-05-01,2023-05-01
390,XWBO,XWBO,WIENER BOERSE AG,VIENNA,AV,VIENNA,AV,AT,2023-05-01,2023-05-01
391,,,,,XA,CEESEG OTC,EO,AT,2023-05-01,2023-05-01
392,XZAG,XZAG,ZAGREB STOCK EXCHANGE,ZAGREB,ZA,ZAGREB,CZ,HR,2023-05-01,2023-05-01
393,XZIM,XZIM,ZIMBABWE STOCK EXCHANGE,ZIMBABWE,ZH,HARARE,ZH,ZW,2023-05-01,2023-05-01
394,YLDX,XJSE,JSE INTEREST RATE DERIVATIVES MARKET,YIELD-X,,No Exchange ,,ZA,2023-05-01,2023-05-01
395,YYYY,,INTERNAL BLOOMBERG CODE,ALL GERMAN SE,,No Exchange ,,DE,2023-05-01,2023-05-01
